{"data_company": ["Apple", "HP", "Acer", "Asus", "Dell", "Lenovo", "Chuwi", "MSI", "Microsoft", "Toshiba", "Huawei", "Xiaomi", "Vero", "Razer", "Mediacom", "Samsung", "Google", "Fujitsu", "LG"], "data_typename": ["Ultrabook", "Notebook", "Netbook", "Gaming", "2 in 1 Convertible", "Workstation"], "data_ram": [8, 16, 4, 2, 12, 6, 32, 24, 64], "data_os": ["Mac", "Others/No OS/Linux", "Windows"], "data_weight": [1.3700000047683716, 1.340000033378601, 1.8600000143051147, 1.8300000429153442, 2.0999999046325684, 2.0399999618530273, 1.2999999523162842, 1.600000023841858, 2.200000047683716, 0.9200000166893005, 1.2200000286102295, 0.9800000190734863, 2.5, 1.6200000047683716, 1.909999966621399, 2.299999952316284, 1.350000023841858, 1.8799999952316284, 1.8899999856948853, 1.649999976158142, 2.7100000381469727, 1.2000000476837158, 1.440000057220459, 2.799999952316284, 2.0, 2.6500000953674316, 2.7699999809265137, 3.200000047683716, 0.6899999976158142, 1.4900000095367432, 2.4000000953674316, 2.130000114440918, 2.430000066757202, 1.7000000476837158, 1.399999976158142, 1.7999999523162842, 1.899999976158142, 3.0, 1.2519999742507935, 2.700000047683716, 2.0199999809265137, 1.6299999952316284, 1.9600000381469727, 1.2100000381469727, 2.450000047683716, 1.25, 1.5, 2.619999885559082, 1.3799999952316284, 1.5800000429153442, 1.850000023841858, 1.2300000190734863, 1.2599999904632568, 2.1600000858306885, 2.359999895095825, 2.049999952316284, 1.3200000524520874, 1.75, 0.9700000286102295, 2.9000000953674316, 2.559999942779541, 1.4800000190734863, 1.7400000095367432, 1.100000023841858, 1.559999942779541, 2.0299999713897705, 1.0499999523162842, 4.400000095367432, 1.2899999618530273, 1.9500000476837158, 2.059999942779541, 1.1200000047683716, 1.4199999570846558, 3.490000009536743, 3.3499999046325684, 2.2300000190734863, 4.420000076293945, 2.690000057220459, 2.369999885559082, 4.699999809265137, 3.5999999046325684, 2.0799999237060547, 4.300000190734863, 1.6799999475479126, 1.409999966621399, 4.139999866485596, 2.180000066757202, 2.240000009536743, 2.6700000762939453, 2.140000104904175, 1.3600000143051147, 2.25, 2.1500000953674316, 2.190000057220459, 2.5399999618530273, 3.4200000762939453, 1.2799999713897705, 2.3299999237060547, 1.4500000476837158, 2.7899999618530273, 1.840000033378601, 2.5999999046325684, 2.259999990463257, 3.25, 1.590000033378601, 1.1299999952316284, 1.7799999713897705, 1.149999976158142, 1.2699999809265137, 1.4299999475479126, 2.309999942779541, 1.159999966621399, 1.6399999856948853, 2.1700000762939453, 1.4700000286102295, 3.7799999713897705, 1.7899999618530273, 0.9100000262260437, 1.9900000095367432, 4.329999923706055, 1.9299999475479126, 1.8700000047683716, 2.630000114440918, 3.4000000953674316, 3.140000104904175, 1.940000057220459, 1.2400000095367432, 4.599999904632568, 4.5, 2.7300000190734863, 1.3899999856948853, 2.2899999618530273, 2.5899999141693115, 2.940000057220459, 1.1399999856948853, 3.799999952316284, 3.309999942779541, 1.090000033378601, 3.2100000381469727, 1.190000057220459, 1.9800000190734863, 1.1699999570846558, 4.360000133514404, 1.7100000381469727, 2.319999933242798, 4.199999809265137, 1.5499999523162842, 0.8100000023841858, 1.1799999475479126, 2.7200000286102295, 1.309999942779541, 3.740000009536743, 1.7599999904632568, 1.5399999618530273, 2.8299999237060547, 2.069999933242798, 2.380000114440918, 3.5799999237060547, 1.0800000429153442, 2.75, 2.990000009536743, 1.1100000143051147, 2.0899999141693115, 4.0, 0.9900000095367432, 3.5199999809265137, 2.5910000801086426, 2.2100000381469727, 3.299999952316284, 2.190999984741211, 2.3399999141693115], "data_sreenresolution": ["2560x1600", "1440x900", "1920x1080", "2880x1800", "1366x768", "2304x1440", "3200x1800", "1920x1200", "2256x1504", "3840x2160", "2160x1440", "2560x1440", "1600x900", "2736x1824", "2400x1600"], "data_cpubrand": ["Intel Core i5", "Intel Core i7", "AMD Processor", "Intel Core i3", "Other Intel Processor"], "data_hdd": [0, 500, 1000, 2000, 32, 128], "data_ssd": [128, 0, 256, 512, 32, 64, 1000, 16, 180, 240, 8], "data_gpubrand": ["Intel", "AMD", "Nvidia"]}